url	title	view_count	video_count	thumbnail_video_id
http://matome.naver.jp/odai/2132876130063084301	『邦楽ロックバンド 解散ライブの動画』まとめ - NAVER まとめ	32	7	84xQbkm5ijA
http://blog.livedoor.jp/kinisoku/archives/3401781.html	【動画大量】UKロックのおすすめバンド貼って行こうぜ！！！：キニ速	32	78	jkaMiaRLgvY
http://onsoku.info/archives/51585586.html	 邦楽ロックバンドNo.1決定戦:おんそく！跡地	45	27	Wxbid_n4T_o
http://matome.naver.jp/odai/2132589790727181601	マジ泣きNujabes超名曲まとめ25 - NAVER まとめ	17	24	dZI6LAceH_0
http://blog.livedoor.jp/chihhylove/archives/7173110.html	ミュージック・ビデオ・アワードの受賞PVを貼っていくスレ【動画】 : あじゃじゃしたー	29	46	PlAAJnj5kEQ
http://blog.livedoor.jp/music_war/archives/1115640.html	2000年代デビュー組で一番音楽性が高い海外のバンドは?：路地裏音楽戦争	25	29	hyyo7-D8f5M
http://matome.naver.jp/odai/2133424304053617401	次は国立！？ライブ前に覚えたい！ももいろクローバーＺ・コールmixまとめ - NAVER まとめ	42	26	_rihbvLO8Dw
http://alfalfalfa.com/archives/5991437.html	【動画あり】特殊部隊の「スペツナズ」の訓練がガチでコエエエエｗｗｗ	5	4	M553AmdYqhg
http://blog.livedoor.jp/darkm/archives/51310397.html	最近の邦楽ロック注目株教えてたもれ : はれぞう	48	67	4Yo87XkRzoQ
http://www.youtube.com/watch?v=YYPD-9T1Jrs	RADIOHEAD PARANOID ANDROID - END FUJI ROCK FESTIVAL 2012 - YouTube	12	24	cXR9TD78wUo
http://matome.naver.jp/odai/2133307196995620301	AKB48 シングルPV まとめ - NAVER まとめ	134	27	SwXtaahxjls
http://www.youtube.com/results?search_query=yuki&oq=yuki&gs_l=youtube.3..0l6j0i4l4.4495.5000.0.5512.4.4.0.0.0.0.159.352.3j1.4.0...0.0...1ac.1.0jQxPTYg_G4	yuki - YouTube	4	22	U4xEiqiiJPw
http://ameblo.jp/so-guimauve/	guimauve	3	12	vglxk3JbHnQ
http://blog.livedoor.jp/darkm/archives/51455599.html	クラブ・ＤＪ・テクノ・ハウス音楽貼ってけ@youtube : はれぞう	21	139	oKaBpXKx8JE
http://www.youtube.com/watch?v=1wwilCs4Jqg	Sarah Brightman &amp; Hot Gossip - I Lost My Heart To A Starship - YouTube	4	26	bTFCwKvlKZo
http://www.youtube.com/watch?v=F1lEYyFILJw&feature=g-vrec	YUKI LIVE &quot;ティンカーベル Tinkerbell&quot; at Yokohama Arena 2011 - YouTube	12	24	JrjZquJsBow
http://www.youtube.com/watch?v=61Rx1F_FEdQ&feature=related	パワー・イン・ザ・ワールド - YouTube	14	24	Dz2ejlFpg0U
http://matome.naver.jp/odai/2133841695785197201	【クラブ】エレクトロ・ハウス抑えておきたい世界のDJ 5人【流行中】 - NAVER まとめ	19	10	jUe8uoKdHao
http://www.youtube.com/watch?v=LjPUqs-TQM8	THE BACK HORN - シリウス・コバルトブルー・戦う君よ - YouTube	4	25	BPxvOpD6iD8
http://www.youtube.com/watch?v=LjPUqs-TQM8&feature=g-vrec	THE BACK HORN - シリウス・コバルトブルー・戦う君よ - YouTube	3	25	UxFOab3O2js
http://matome.naver.jp/odai/2129044394069962401	クラブミュージック定番年表 1972年-2013年 196曲 - NAVER まとめ	41	191	NLrAFIO-DIY
http://www.youtube.com/watch?v=7EuRRy0dieY&feature=g-vrec	〜夕焼け目撃者〜 - YouTube	4	24	IRPk9zsmHJc
http://blog.livedoor.jp/darkm/archives/51450576.html	おいジャズ聴こうぜジャズ : はれぞう	14	106	xn91jIyJ7mc
http://blog.livedoor.jp/darkm/archives/51211517.html	おすすめのアンビエント系音楽おしえてくれ : はれぞう	23	62	6Oj8PzxB044
http://kari2mofu2.com/archives/1761818.html	洋楽ロックの知識が2000年代前半で止まってる俺に最近の流行りを教え : カリモフ	3	24	FfnIBnz2_zw
http://www.youtube.com/results?search_query=%E3%82%AF%E3%83%A9%E3%83%A0%E3%83%9C%E3%83%B3&oq=%E3%81%8F%E3%82%89%E3%82%80&gs_l=youtube.1.0.0i4l10.3349.4331.0.6459.6.6.0.0.0.0.180.737.3j3.6.0...0.0...1ac.1j4.ZloxDXj6JHo	クラムボン - YouTube	3	20	Hb1-4_CnqWk
http://www.youtube.com/results?search_query=lite+live&oq=lite&gs_l=youtube.1.1.0l10.1348.1846.0.4432.4.4.0.0.0.0.71.248.4.4.0...0.0...1ac.1.CT8wJFPooKg	lite live - YouTube	3	23	pC5KtiMYIlk
http://www.youtube.com/watch?v=NtjVAocVTbw&feature=g-vrec	**ティーンカーベル - YouTube	3	24	NtjVAocVTbw
http://matome.naver.jp/odai/2130490747300201101	ももいろクローバーZの歴史 - NAVER まとめ	26	57	ACW0YGhCQPs
http://vippers.jp/archives/6669955.html	お前らが最高だと思うピアノ曲を一曲だけ貼って寝ろ｜VIPPER速報	3	19	9gSOzHa5im8
http://blog.livedoor.jp/darkm/archives/51105628.html	洋楽の若手のバンドでお勧め教えて : はれぞう	3	25	pdbrQYER1fI
http://matome.naver.jp/odai/2124513181247702280	すごい動画 - NAVER まとめ	18	235	1cOxlhpoHAg
http://blog.livedoor.jp/darkm/archives/51456198.html	民族楽器を使ったカッコイイ曲を教えてください！ : はれぞう	19	103	nnlBkq11rKw
http://music2chnews.blog123.fc2.com/blog-entry-47.html	最近の若手インディーバンドが才能あふれまくりんぐな件について  旧・路地裏音楽戦争	3	43	P1v3GWgfA-w
http://rao7.com/article/47178507.html		3	2	U4a5zJy0VVY
http://underworld2ch.blog29.fc2.com/blog-entry-912.html	【動画あり】邦楽のいいバンド教えてくれ | アンダーワールド	3	62	zESZpNmkXTU
http://matome.naver.jp/odai/2132637813732936301?&page=3	ロックンロール！な動画★ - NAVER まとめ	3	71	nTC5J1549Rw
http://matome.naver.jp/odai/2134166590686410901	【BGM】心地よい睡眠を誘う音楽【youtube】 - NAVER まとめ	18	11	OGlHUqYkWgo
http://matome.naver.jp/odai/2132874002662633801	【1バンド×1代表曲】90年代オルタナティヴ・ロックまとめ - NAVER まとめ	16	48	RIIEbrMXs20
http://www.youtube.com/user/playyouhousejp/videos?view=0	Goose house チャンネル - YouTube	16	30	C_Srcfj7qHA
http://matome.naver.jp/odai/2133658080637257901	AKB48／SKE48／NMB48 動画まとめ - NAVER まとめ	14	55	n9hNT5ezcnc
http://plusblog.jp/6158/	これだけは見ておきたいアニメを使った神PVベスト10 | ぷらすぶろぐ	3	15	A4N_zbegHro
http://blog.livedoor.jp/darkm/archives/51337688.html	お前らのオススメ曲教えてくれ (エレクトロ テクノ ハウス) : はれぞう	21	65	w7nNF0FJ3-I
http://matome.naver.jp/odai/2128971935952602601	佐々木希 ☆セクシー☆【高画質】動画 まとめ - NAVER まとめ	3	10	s6x8BpDcIW4
http://blog.livedoor.jp/darkm/archives/51456687.html	爽やかでノレるクラブミュージックを貼ろう : はれぞう	5	36	GJ_A2DY4Sls
http://www.youtube.com/watch?v=H38BEJ4a5K0&feature=g-all-u	Havana Man - YouTube	3	23	alDP12wEE5c
http://www.youtube.com/watch?v=zC_UG70N7KA	サラバ、愛しき悲しみたちよ【TVsize】 - YouTube	3	24	sLspaD8Zq10
http://vipsister23.com/archives/5680360.html	ケルト音楽とかアイルランド音楽っぽい曲教えやがれください : 妹はVIPPER	3	38	p_3PflV0zqg
http://matome.naver.jp/odai/2133121864925792101	【ハイスタ･AIRJAM復活】厳選90年代活躍したメロコア・スカ・ミクスチャー日本・海外40バンド - NAVER まとめ	22	40	QhL3ygtouyU
http://matome.naver.jp/odai/2134587206473668101	ベースが神なバンドまとめ - NAVER まとめ	3	20	qhPOppyR7dk
http://blog.livedoor.jp/darkm/archives/51450986.html	民族っぽい、壮大な曲が好きなんだけど、オススメの歌手とか曲教えて : はれぞう	32	111	IJiHDmyhE1A
http://matome.naver.jp/odai/2134865839724961701	【動画】J-POPランキング-1998年　まとめ【邦楽】 - NAVER まとめ	3	14	dHELmKWyIeU
http://www.youtube.com/user/playyouhousejp/videos?sort=p&flow=grid&view=0&page=6	Goose house チャンネル - YouTube	3	30	EkT7tnpipPM
http://www.minp-matome.jp/pub/9812742D-88B1-421E-83FD-45A6B971E22E	【ステーシーズ】少女・屍・音楽－モーニング娘。/筋肉少女帯 | minp!［音楽情報のまとめサイト］	11	8	UNKIkS20QOo
http://www.youtube.com/results?search_query=yapc+asia&oq=yapc+asia&gs_l=youtube.3..35i39j0.1880.3572.0.3756.9.9.0.0.0.0.126.629.8j1.9.0...0.0...1ac.1.Z8HzyfV30o8	yapc asia - YouTube	3	23	4a2k5Mblkks
http://www.youtube.com/	YouTube	13	28	FaBInVu-vgk
http://www.youtube.com/videos?feature=mh	YouTube で人気 - 日本 - YouTube	3	34	zO4lf8fktOE
http://www.youtube.com/user/playyouhousejp/videos?sort=p&flow=grid&view=0&page=9	Goose house チャンネル - YouTube	11	29	_CddRkYpKtI
http://www.minp-matome.jp/pub/1672C187-91AA-42C1-936C-CD4FA16636BC	【必見!!】今、注目すべき若手アーティスト特集 | minp!［音楽情報のまとめサイト］	4	2	bxswD4_RrVA
http://www.youtube.com/watch?v=gZJxqEA3Jp0	東京少年　プレゼント - YouTube	3	23	eJYNymlg0d0
http://blog.livedoor.jp/darkm/archives/51457843.html	【夜の】ジャズ聴こうぜ、ジャズ【音楽スレ】 : はれぞう	3	79	E7NMYVeV4p0
http://matome.naver.jp/odai/2133596327777856401	【作業BGM】本気で作業したい人のために（随時追加） - NAVER まとめ	3	18	hLkmxsz_eJw
http://www.youtube.com/watch?v=DOzlD21BBs8&feature=g-all-u	無印良品「壁に付けられる家具・箱」（音声なし） - YouTube	3	23	__video_id__
http://vipsister23.com/archives/6014380.html	民族楽器を使ったカッコイイ曲を教えてください！ : 妹はVIPPER	4	64	tHTb-AZZSM0
http://matome.naver.jp/odai/2135123145295519701	この映像、誰がつくったの？今注目の映像作家／映像ディレクター - NAVER まとめ	3	11	hG8yj2qGpCg
http://underworld2ch.blog29.fc2.com/blog-entry-2264.html	【動画】ふわふわポップな女性ボーカルの曲が聴きたいお | アンダーワールド	15	45	R2qnzT1vMHM
http://www.youtube.com/watch?v=IiqfKF9BlcI	サカナクション / ネイティブダンサー - YouTube	3	24	1H14XFS1zVo
http://matome.naver.jp/odai/2129963400343123701	【Vocaloid】初音ミク殿堂入り曲動画まとめ【大集合】 - NAVER まとめ	3	11	hC8KrIY8qT4
http://matome.naver.jp/odai/2135034939998395301	これは聞いておきたい♪　定番ボーカロイド曲ランキング【VOCALOID】PV動画 - NAVER まとめ	3	22	YyB4gLFF-Xw
http://www.youtube.com/user/3miraclegirls?feature=watch	YUKI LIVE ! - YouTube	3	21	kwj7UrIttHo
http://www.youtube.com/watch?feature=player_embedded&v=YiW0z3X0aio	YUKI LIVE &quot;朝が来る&quot;　2010 Orchard Hall - YouTube	4	24	q7LQmbEYb8A
http://www.youtube.com/user/Perfume/videos?view=0	Perfume Official Channel - YouTube	3	30	XeWxFDlufNo
http://blog.livedoor.jp/chihhylove/archives/4170960.html	美しいメロディすぎて死にたくなる曲おしえて : あじゃじゃしたー	22	88	gbH7MDnEl0A
http://www.minp-matome.jp/pub/04052877-90E9-45F3-85F2-F251AF4AD995	Chop Stick様をまとめてみた | minp!［音楽情報のまとめサイト］	4	3	-XycaBdGqB0
http://www.youtube.com/watch?v=Mczng2r-p48	Taio Cruz  Dynamite - YouTube	3	23	__playlist_video_id__
http://www.youtube.com/watch?v=8Ilh1ewceco	Jewel - Intuition (Official Video) - YouTube	4	29	XYLOAay_2MQ
http://www.youtube.com/watch?v=JhpZfltbnAQ	Des&#39;ree - You Gotta Be - YouTube	3	26	7mI2fCQunDQ
http://blog.livedoor.jp/darkm/archives/51439560.html	ピコピコ系の音楽教えてください！ : はれぞう	6	44	RvFNU_vN5JI
http://matome.naver.jp/odai/2134262194247296101	中田ヤスタカ　および　capsuleが手掛けた曲　CM集 - NAVER まとめ	3	25	oFAJ2VW-8ss
http://matome.naver.jp/odai/2133574492058866701	【神Mix】中田ヤスタカが手がけたPerfume以外の楽曲おすすめベスト10 - NAVER まとめ	3	7	o8QyAt6LF4E
http://matome.naver.jp/odai/2134716785988077801	【DJに使えるハロプロ関連楽曲まとめ】中田ヤスタカだけじゃない！クラブウケの良いアイドルソングまとめ - NAVER まとめ	3	25	kZYpUZ1IUlk
http://matome.naver.jp/odai/2133764137424201701	【神Mix2】中田ヤスタカの楽曲おすすめベスト10 Part2 - NAVER まとめ	3	10	X9wc9992q_g
http://blog.livedoor.jp/darkm/archives/51458890.html	休日だしアシッドジャズ聞こうぜ : はれぞう	6	31	CVy5yOs0NSA
http://www.youtube.com/watch?v=6HHiX4ZMCCA&feature=g-user-u	YUKI LIVE &quot;鳴いてる怪獣&quot; 2011 Yokohama - YouTube	3	23	sBzKJ_YfqIQ
http://www.youtube.com/watch?v=3DITiuesaBY&feature=g-vrec	YUKI** 星屑サンセット - YouTube	18	24	NtjVAocVTbw
http://geon.livedoor.biz/archives/18633851.html	げーおん！ : ゲームBGM史上最高の曲は	4	17	8z0rFQRuivk
http://matome.naver.jp/odai/2135225150909267301	2012年はこいつらがキテる！新人の洋楽ロックバンド - NAVER まとめ	29	8	MIrbAOTTEvk
http://matome.naver.jp/odai/2125420600940021994	おすすめのUKロックまとめ - NAVER まとめ	33	41	W5e25atMCLY
http://vippers.jp/archives/6195253.html	UKロックのおすすめバンド貼って行こうぜ！！！｜VIPPER速報	3	125	TzE1PRioV_Y
http://katuru2ch.blog12.fc2.com/blog-entry-3073.html	イカしたUKロックバンドのおすすめ貼っていこうぜ！！！ - 勝つる2chまとめブログ	3	66	WXYiDw6QJRI
http://skb48.meblog.biz/	SKE48	19	10	Y2UHTinOsz0
http://www.youtube.com/watch?v=Tdz8oEWDU-8	YUKI LIVE &quot;２人のストーリー&quot; 2010 東京国際フォーラム - YouTube	4	24	Ou73hJN8nMg
http://www.youtube.com/user/playyouhousejp	Goose house チャンネル - YouTube	5	35	s6CLngcj6Z8
http://www.youtube.com/watch?v=cukrZRzXiFE&feature=g-all-u	貪婪致金融海嘯　反全球化壓榨窮人 - YouTube	3	23	6RaiDUjRtF8
http://blog.livedoor.jp/darkm/archives/51453321.html	オルタナティブロックでオススメのバンド教えろください : はれぞう	4	54	mS1Ckczz0LQ
http://blog.livedoor.jp/darkm/archives/51458011.html	思いっきりエモい曲を教えてくれ : はれぞう	18	26	7gkPRsk5cPo
http://blog.livedoor.jp/darkm/archives/51460936.html	ジョジョのＥＤ聴いてプログレに興味持った奴来いよ : はれぞう	4	93	iQru7oCdYXA
http://www.youtube.com/user/yukieye18JAM	JUDY AND MARY - YouTube	3	10	VN-jPBkfX9Q
http://www.youtube.com/watch?v=IKmMWTgTR6c&feature=watch-vrec	PLT13 ラブリーベイベー - YouTube	3	23	97cc6DwSQCY
http://www.youtube.com/watch?v=pQ0serxNvyY&feature=related	**裸の太陽**☆☆☆☆彡 - YouTube	3	24	ZKuIJCtdu0I
http://www.youtube.com/watch?v=16q2-dY77I0&list=PLD68A841A38335F9D&feature=g-all-a	**サイダー ☆彡★★★ - YouTube	12	28	xKxW_ttzA8Y
http://www.minp-matome.jp/pub/78370D6F-F679-43C9-A95F-C3A305185C40	【オジャパメン】ごっつええ感じ名曲選【シンガー板尾】 | minp!［音楽情報のまとめサイト］	3	7	zSu8NpJ_jtQ
http://www.youtube.com/watch?v=FTneJBdwouk&feature=g-all-lik	**クライマー・クライマー@megaphonic - YouTube	3	23	__playlist_video_id__
http://www.minp-matome.jp/pub/8A8429FB-8165-4007-8A83-CE268AE8448F	【20代ﾎｲﾎｲ】1980年代後半生まれの奴が反応するｱﾆｿﾝ① | minp!［音楽情報のまとめサイト］	3	6	jtQ6LwmIWZ0
http://www.minp-matome.jp/pub/416E0574-0672-47E5-8A55-917562FD0F8E	誰でも歌える家電量販店CMソングまとめ | minp!［音楽情報のまとめサイト］	3	7	P5QwBLmQLrY
http://blog.livedoor.jp/darkm/archives/51460992.html	テクノ・ハウスの良曲教えて : はれぞう	3	31	OEYG5n4NZ1w
http://www.youtube.com/watch?v=eFdS6S4jbAc&feature=g-all-u	爽着數：爽嘆日式串燒　食得多平得多 - YouTube	3	23	xb3K-Sd4cPA
http://www.youtube.com/watch?v=WQ_5dA7MF2M	MUJI XMAS HOME 2012 - YouTube	3	23	IgEOhCsjIVQ
http://www.youtube.com/watch?v=-tPWkCwuENw&feature=g-all-u	美國重辦F1　上坡急劈好刺激 - YouTube	3	21	tba1Zis_i9g
http://www.youtube.com/watch?v=RG63HlyXlkY&feature=g-all	唔交$10稅　踢廢官下台 - YouTube	3	23	-0zUsB7oQSo
http://www.minp-matome.jp/pub/5C0A826C-E0FD-4821-959C-927723C5F8C3	2012 MTV EMAでアイツがやっちゃった！！ | minp!［音楽情報のまとめサイト］	6	3	Eokm1t_GzvY
http://www.youtube.com/watch?v=0njAZJ7M1hQ&feature=g-all	上訴衰左　簡sir牛一監倉過 - YouTube	3	23	iHCNSSmo9fM
http://www.youtube.com/watch?v=YTVn7c14qC4	1/3【討論！】侵略される沖縄と日本の未来[桜H24/11/24] - YouTube	3	23	C8lGIqJV_k8
http://www.youtube.com/watch?v=EPaA3vkcHjQ	3/3【討論！】侵略される沖縄と日本の未来[桜H24/11/24] - YouTube	3	23	M0bPkEn2BBk
http://tehepero.2chblog.jp/archives/20511405.html	誰もが「あ！聞いたことある！」ってなる洋楽教えろ下さい:てへぺろ！	3	55	1OJRRUnY--A
http://studio-vinyl.com/blog/?p=260	クラブミュージックの歴史 | blog	3	61	n9hYX4XCzQ4
http://www.youtube.com/watch?v=y1zg_3s1yGM&feature=g-all-u	高Ling拋足球胸　預告被姦兼掌摑 - YouTube	3	24	Dc-hRWP70dQ
http://matome.naver.jp/odai/2133889532426057701	これさえ押さえておけば大丈夫！新世代ロックバンド代表曲まとめ - NAVER まとめ	20	35	c2y8Ba3WwPY
http://matome.naver.jp/odai/2135356384075983501	【動画付き】オンナだからかっこいい！女性ベーシストのバンド集めました★（日本編） - NAVER まとめ	28	15	xsYZ12UoaJg
http://www.qetic.jp/blog/rrc2010/?p=921	electraglide 2012にみる、ライブにおける映像演出の今 | Rock'n' Roll Circus	4	5	pCQJLG03-4s
http://youtu.be/CHLJNnKiddQ	【Orpheus】唐澤尊師の今日は一日パカソン三昧 - YouTube	2	1	CHLJNnKiddQ
http://karapaia.livedoor.biz/archives/52104050.html	ưʪ	2	7	LU8DDYz68kM
http://www.minp-matome.jp/pub/D1B8B5D4-9E10-4947-BB9D-502EDE92BA77	ニコニコ動画(仮)(β)(γ)時代(2006/12/12-2007/06/18)に流行ってた曲まとめ | minp!［音楽情報のまとめサイト］	3	18	EYV9xTCerjY
http://matome.naver.jp/odai/2135392046013905701	2013年　第63回　NHK紅白歌合戦　出場歌手まとめ - NAVER まとめ	2	50	4g7he7vgsks
http://www.youtube.com/watch?v=JYTNorah4u8&feature=g-all	新報歧視精神病　平機會鬧爆 - YouTube	3	23	4BXiBaRt4fo
http://www.youtube.com/watch?v=BEMohc5LBzM&feature=g-all	Lisa S.有喜　吳彥祖開心到彈起 - YouTube	2	23	XIw4AP4jr38
http://www.youtube.com/watch?v=6HHiX4ZMCCA&feature=plcp	YUKI LIVE &quot;鳴いてる怪獣&quot; 2011 Yokohama - YouTube	3	23	2nZqX-aKH-s
http://www.youtube.com/watch?v=n4bMzztIRe0	〝Don&#39;t Look Back In Anger〟oasis LIVE 和訳付き with Lyrics - YouTube	2	25	R53oe3VbRFo
http://www.youtube.com/watch?v=0EW1tZOMRig&feature=g-high-u	全城撐父母　立法供養好唔好 - YouTube	2	23	0EW1tZOMRig
http://www.youtube.com/watch?v=1A1sUpyJCpQ&feature=disco&playnext=1&list=AL94UKMTqg-9D5QvM7zHMBt93IVFqQcPaV	SUMMER CANDLES　　　ANRI - YouTube	3	109	NmvGwU9cYac
http://www.youtube.com/watch?v=zYoYoBtLqOY	KARA - STEP - YouTube	3	24	AhgBV-i1_jg
http://www.youtube.com/?gl=JP&hl=ja	YouTube	2	34	5dcwmWNJoDQ
http://www.youtube.com/results?search_query=akb48&oq=akb48&gs_l=youtube.3..35i39l2j0l2j0i3j0l5.5519.6551.0.6786.5.5.0.0.0.0.91.393.5.5.0...0.0...1ac.1.ANLM-DMxDjg	akb48 - YouTube	2	23	BGHkL4l4fnI
http://www.youtube.com/watch?v=Q20ztyRgSVU&feature=g-high-u	YUKI LIVE &quot;プレゼント&quot; 2010 東京国際フォーラム - YouTube	10	24	6HHiX4ZMCCA
http://matome.naver.jp/odai/2134197161306558401	【くるり・スーパーカー】邦楽ロックに絶大な影響を与えた’97世代のバンドまとめ【ナンバガ・中村一義】 - NAVER まとめ	3	28	8u6MV66LsDk
http://blog.livedoor.jp/darkm/archives/51463971.html	めちゃくちゃ格好良い音楽発見した！！！！ : はれぞう	2	13	N3NAgrKql6c
http://www.youtube.com/watch?v=Q20ztyRgSVU	YUKI LIVE &quot;プレゼント&quot; 2010 東京国際フォーラム - YouTube	3	22	Z-_XC13eHIU
http://www.youtube.com/watch?v=F1lEYyFILJw	YUKI LIVE &quot;ティンカーベル Tinkerbell&quot; 2011 Yokohama - YouTube	5	24	__video_id__
http://www.tana250.com/?p=9300	動画まとめ：音楽検索アプリの「Shazam」がデータを元に2013年にブレイクするアーティスト10組を予想 | 250円棚	3	10	X98HX5nbsCI
http://matome.naver.jp/odai/2135467327896935101	＜2012＞イントロだけでキター！ってなった邦楽ロック - NAVER まとめ	3	5	PVTxYRuCgyI
http://www.youtube.com/results?search_query=blur&oq=blur&gs_l=youtube-reduced.3..0l4.479730.480678.0.480924.4.4.0.0.0.0.137.375.3j1.4.0...0.0...1ac.1.3zErjfeOfYg	blur - YouTube	3	21	LJzCYSdrHMI
http://www.minp-matome.jp/pub/5A1B3B65-E6AF-4EF5-8AAC-2A264D28BFF0	【新曲追加】AKB48 チームサプライズによる神曲の数々【M12 AKBフェスティバル】 | minp!［音楽情報のまとめサイト］	4	13	sPaCJG1a-7g
http://www.youtube.com/watch?v=uqZRVFMlbzM	YUKI LIVE &quot;ビスケット Biscuit&quot; 2011 Yokohama - YouTube	2	24	nhfqjJNGikI
http://www.drillspin.com/articles/view/526	第47回：いつの間にロック少年は「洋楽」を聴かなくなったのか？ | DrillSpin Column（ドリルスピン・コラム）	2	9	rGKfrgqWcv0
http://www.youtube.com/user/daxjpcrew?feature=watch	SPACE SHOWER Digital Archive X - YouTube	2	18	Jv_UMT67EeQ
http://www.youtube.com/results?search_query=charlie+parker&oq=charlie+parker&gs_l=youtube.3..0l10.505535.505535.0.505742.1.1.0.0.0.0.112.112.0j1.1.0...0.0...1ac.1.OoyXfg8oEus	charlie parker - YouTube	2	20	wkRKQVFNJLk
http://blindloopmaster.seesaa.net/article/174688800.html		2	11	2m8qJbEY6lo
http://matome.naver.jp/odai/2134809359868831601	【これは必聴】スタバで流れる名曲まとめ【ホッとしたいときに】 - NAVER まとめ	3	28	fpJSsb1rr-E
http://d.hatena.ne.jp/kuwacom/20121223/1356285387	おすすめエレクトロ音楽まとめ - 全部まとめてエンターテインメント	3	12	A2GSyQBdeEQ
http://matome.naver.jp/odai/2135285938388816201	聴けば”イマ”がわかる！2012年音楽専門誌で絶賛されたアルバム15選 - NAVER まとめ	3	16	BJBx_sR9Arc
http://matome.naver.jp/odai/2135544964176258201	【邦楽】音楽好きなら絶対にチェックすべきロックバンド2013【動画】 - NAVER まとめ	28	55	3i9aRZ0173k
http://www.youtube.com/watch?v=gCIyVoV_0bk	漂流男女好正面　唔怕玩水 - YouTube	2	23	__playlist_video_id__
http://www.youtube.com/watch?v=JtERwG3-ktk	YUKI LIVE &quot;恋愛模様&quot;　2010 東京国際フォーラム - YouTube	2	24	6rMTgJJOEZc
http://www.youtube.com/results?search_query=salyu&oq=sa&gs_l=youtube.1.0.35i39j0i4l9.2104.2154.0.3602.2.2.0.0.0.0.107.187.1j1.2.0...0.0...1ac.1.gmdcJKEUkNI	salyu - YouTube	2	21	_51BlOXGMh0
http://www.youtube.com/watch?v=9c4F3fUaRFM	JUDY AND MARY** そばかす - YouTube	17	24	39tFEa9RWPQ
http://totalmatomedia.blog.fc2.com/blog-entry-265.html	【夜の】ジャズ聴こうぜ、ジャズ【音楽スレ】 : まとめでぃあ	2	80	BA9BK71KoIc
http://blog.onimaga.com/?eid=941650	2012ǯ	2	95	Bbf6AOEOZMU
http://matome.naver.jp/m/odai/2135689046052339001	寒い冬に聴きたい“JPOPの名曲”10選 - NAVER まとめ	3	10	rsXKvKSfbhA
http://www.youtube.com/watch?v=whdQSeyptMU	I Call Fives &quot;Late Nights&quot; Official Music Video - YouTube	2	24	6DlYETRuZuQ
http://www.youtube.com/watch?v=o3hXicM_wU4	ハゲ飽きた。 - YouTube	2	23	sakiyKXyCZY
http://www.youtube.com/watch?v=jJk15CEOyds	【GUMI（40㍍）】 キリトリセン 【オリジナルPV】 - YouTube	2	26	WIb_NsSZP2w
http://www.youtube.com/watch?v=V0xRlZeF_5A	[グルメ] ローソンおにぎり屋 卓袱豚角煮 卓袱とか胸熱 - YouTube	2	23	NEDlMA-HDao
http://www.youtube.com/watch?v=JRT67X35GbM&list=FLYntcm4QOdG3n2bzNe5ltqw	Hiromi in Jazz en San Javier - YouTube	2	104	55XfGNP_gew
http://www.youtube.com/watch?v=yjJ50Kl88jU	Mondo Grosso - Everything Needs Love (Feat. BoA) - YouTube	8	25	W3yrr-pNwU0
http://www.youtube.com/watch?feature=player_embedded&v=aY2bWyiaei4	Led Zeppelin vs The Beatles - Whole Lotta Helter Skelter (Soundhog) - YouTube	2	23	EPuyLJl83fM
http://www.youtube.com/watch?v=CUPfdw7yexQ	ショージキ将棋 渡辺麻友 vs 小嶋陽菜 - YouTube	2	15	l8N2EmR07K4
http://www.youtube.com/watch?v=qJ1_QhtpqII	Perfume JCD シンガポールライブ映像 2012.12.02 - YouTube	2	23	eVazkrnwmH4
http://www.youtube.com/watch?v=UKxHt3ofiLI	2012 Paddle Session @ Jaws Peah&#39;i Maui - YouTube	2	23	kJHKNXT_Ma8
http://nitosokusinn.blog.fc2.com/blog-entry-3248.html	東大首席の勉強方法ｗｗｗｗｗｗｗｗｗｗｗｗｗ　（画像あり）｜気になるニュース	2	3	lL1sda8EobY
http://www.youtube.com/?q=&tab=w1&gl=JP	YouTube	2	34	N5g0R9L2CYs
http://www.youtube.com/watch?v=9Y6H-YjsE9Q	きゃりーぱみゅぱみゅ - ふりそでーしょん,Kyary Pamyu Pamyu Furisodation - YouTube	21	27	J43LqwrgKSc
http://www.youtube.com/watch?v=KQ_grfKZGtY	Kraftwerk - Minimum-Maximum - Part 2 of 2 - Live - Full - YouTube	2	26	RSklFgKlGEk
http://www.youtube.com/watch?v=T10oS02RsGA&list=PLx44VfdKkI1UMWYw5w_xN704ZGB94Upvy	back number - 青い春 - YouTube	3	33	1fzkkmcBkCQ
http://matome.naver.jp/odai/2135791640863958801	靴ひもが超高速で結べる『愛ちゃん結び』がスゴイと話題 - NAVER まとめ	2	1	pVNK1XEXWuE
http://www.youtube.com/watch?v=kk4BjYIQH74	[Special] X JAPAN [OP~JADE] をコピーしてみました。 - YouTube	2	30	__playlist_video_id__
http://www.youtube.com/watch?v=qyC-sUqgn4w	aiko   ずっとボーイフレンド　日テレ系音楽の祭典! 2011   YouTube - YouTube	2	23	o3wEQElMlE4
http://www.youtube.com/watch?v=hPi8oJOp4Ws	「僕、アルバイトォォ！！」→強盗撃退 - YouTube	2	25	tr0SmzPhydQ
http://www.youtube.com/watch?v=hvdTXAH3M84	世界一運の悪い男が挑むスーパーアクション Die easy｜A Good Day to Die Hard - YouTube	2	25	Bt2vur65888
http://www.youtube.com/watch?v=mUAGmr-qGo0&list=PLx44VfdKkI1UPg-rsifT67-pIc3DhSUxr&feature=mh_lolz	美吉田月　初恋 - YouTube	2	32	sM6MIC29zg8
http://www.youtube.com/watch?v=KsgDeli9Z3M	indigo la End 「渚にて幻」 MV - YouTube	2	24	KsgDeli9Z3M
http://www.youtube.com/watch?v=zW7yqfPuuuE	【作業用BGM】夜のドライブに合いそうな曲をつないでみた【DJ mix】 - YouTube	2	25	__playlist_video_id__
http://www.youtube.com/watch?v=hNdHrkkGF_s	DJ PMX／My Beauty Queen feat. JOYSTICKK, KOWICHI, ZANG HAOZI, JAY&#39;ED (Full Music Video) - YouTube	3	24	GZKFG7NvvOc
http://www.youtube.com/watch?v=pblY-sgf_GU	FRF09  筋肉少女帯 - YouTube	2	24	Wqz8qXu25Lw
http://www.youtube.com/watch?v=YF4MMDx9oGE&list=AL94UKMTqg-9DsAR9mN73lfFhvJ7advt_W	Cal Tjader-Black Orchid - YouTube	2	115	0SNb07ojMUU
http://jannis-madcat.tumblr.com/	rkgk	2	2	7CQLlsw4xUU
http://www.youtube.com/watch?v=lwcJboFXTig	チョッパー☆チョッパー　パフォーマンス　2012年11月18日 - YouTube	2	24	__playlist_video_id__
http://www.youtube.com/watch?v=80y5evoZ3vs&feature=fvwrel	Ramones - Blitzkrieg Bop (live) - YouTube	2	24	uD4xbgYja7s
http://www.youtube.com/watch?v=KH4b1A0Tuo4	チャットモンチー　染まるよ live - YouTube	4	24	IY8wRFYQW9c
http://www.youtube.com/watch?v=svFfVQkt-84	GO!GO!7188  「深夜高速」 - YouTube	4	23	r_gRwFD4Kwk
http://www.youtube.com/watch?v=OWoQpzdB5gs	Sound Engineer&#39;s Hard Work (Тяжелая работа звукорежиссёра) - YouTube	2	23	0S9EN2xIhcw
http://www.youtube.com/watch?feature=player_embedded&v=pzGVgcBJgZo	Jamiroquai - Virtual Insanity(HD)-(with lyrics) - YouTube	3	24	06geHRcLOT8
http://www.youtube.com/watch?v=2iPPYP01PzM	【伝説】W杯とは無縁 規格外ストライカー 久保竜彦ゴール集 - YouTube	2	24	YrzFYxqdvIo
http://www.youtube.com/watch?v=9HPiBJBCOq8	PSY - GANGNAM STYLE (강남스타일) M/V Making Film - YouTube	2	23	__video_id__
http://www.youtube.com/watch?v=4BWnvtfZ2gU	&quot;Are you there&quot; by Mono - YouTube	2	25	p7psNAfq5E4
http://masterpeace21.com/9958	【XFactor2012】神の歌声を持つスーパーマーケット店員のジャーメイン・ダグラスが凄い！|MasterPeace21	3	14	BOW1K0fCPNI
http://www.youtube.com/watch?v=FS329CSR6Wg	2013あけましておめでとうございます*着物コスチューム - YouTube	2	23	xBkGaMA9jTo
http://www.youtube.com/watch?v=D2iwAAaEZvE	LITURGY // RETURNER - YouTube	2	24	rUJoPoNYQQI
http://www.youtube.com/watch?v=fmXLzY8kbYA	Red Hot Chili Peppers - Snow (Hey Oh) [Official Music Video] - YouTube	2	29	YpYhGdrknlA
http://www.youtube.com/watch?v=Sds5SpNd1Mw	Treasure - Bruno Mars (Lyric Video) - YouTube	3	24	__video_id__
http://www.youtube.com/watch?v=uYHc_ko1I_w	TAO Lounge 05 - YouTube	2	24	0DoJ4I0NJR0
http://www.youtube.com/watch?feature=player_embedded&v=XUr1OUZ9gFM	第１７回ラクロス選手権大会 - YouTube	2	23	jGXWWZVKUUg
http://www.youtube.com/watch?v=9qxpQ-dNJGA	莽夫懺悔：老婆，你回來吧！ - YouTube	2	23	ZOKIboJBpyM
http://www.youtube.com/results?search_query=%E3%82%AB%E3%82%B3%E3%82%A4%E3%83%9F%E3%82%AF&oq=%E3%81%8B%E3%81%93%E3%81%84%E3%81%BF%E3%81%8F&gs_l=youtube.1.0.0i4l2.1989.3036.0.4508.9.9.0.0.0.0.116.665.8j1.9.0...0.0...1ac.1j4.wXqLsYnjN9c	カコイミク - YouTube	2	17	0fxzrB00ZHI
http://www.youtube.com/watch?v=fuQHktDtupc	火燒連環船　漁民話可疑 - YouTube	2	23	oovKmU3F9Qk
http://www.youtube.com/watch?v=F0UF_2de5Ko&feature=list_other&playnext=1&list=AL94UKMTqg-9CU5WUbX1pl5gZFtPOGZ0vB	水樹奈々　Dancing in the velvet moon - YouTube	2	123	eiW82gp-RM0
http://tsumanne.net/si/data/2013/01/28/1245783/	http://www.youtube. - 	3	69	nFO2uHnpvhM
http://www.youtube.com/watch?v=I6PHgtdxFrY&list=PL871206F0A11A90A2	BOB  ACRI - Sleep Away - YouTube	3	31	Z5N3vjaY2ws
http://www.youtube.com/watch?v=PcWQuSLmi7s	ACIDMAN - 新世界 - YouTube	2	28	hB2SBKavBHE
http://www.youtube.com/watch?v=qDDYO8zYA8U	Teddy Wilson Trio plays Lullaby of Birdland - YouTube	2	24	NAz9W2Cpc1A
http://www.youtube.com/watch?v=I6PHgtdxFrY&feature=g-list&list=PL871206F0A11A90A2	BOB  ACRI - Sleep Away - YouTube	2	31	LAED5hBqrGM
http://gigazine.net/news/20130201-sac-youtube-free/	無料で「攻殻機動隊STAND ALONE COMPLEX」全26話配信中、YouTubeにて2月20日までの期間限定 - GIGAZINE	3	26	5g83goRr1_4
http://amass.jp/17246	マイ・ブラッディ・ヴァレンタイン　22年ぶりの新作『m b v』をリリース、全曲フル試聴可 - amass	32	9	6oXJus1ajIU
http://www.youtube.com/watch?v=p4sS0ZCPqwQ	&quot;Dancing In The Abyss&quot; - Steve Vai New DVD Clip - YouTube	3	25	MZV-cqYpMXw
http://blog.livedoor.jp/darkm/archives/51472690.html	シューゲイザーでおすすめの曲教えてください！ : はれぞう	2	33	hWjxBM5Q1Ug
http://www.youtube.com/watch?v=I6PHgtdxFrY	BOB  ACRI - Sleep Away - YouTube	5	25	yHfaSYcRTuc
http://matome.naver.jp/odai/2135429536158114501	知らなきゃマズい！2012年に大ブレイクした邦楽ロックバンドまとめ - NAVER まとめ	2	6	cYC8n3DeF10
http://blog.livedoor.jp/darkm/archives/51437310.html	ベースかっけええええＥＥＥＥＥＥＥｗｗｗｗｗｗｗってなる曲教えろ : はれぞう	3	83	_P7x7e19j-8
http://blog.livedoor.jp/darkm/archives/51472693.html	おれが勝手にお勧めの邦楽インディーズバンドを紹介していくスレ : はれぞう	14	32	DbBEATI2qLA
http://blog.livedoor.jp/darkm/archives/51473062.html	ファンクに詳しい奴ちょっと来て : はれぞう	5	48	0V_NvHLmBHU
http://www.youtube.com/watch?v=Yuwjp2aCa3o	ACCIDENT -TM NETWORK - YouTube	2	25	eBO-siSKvAQ
http://matome.naver.jp/odai/2134046234803359801	【２０１２】ブレイクしそうな邦楽ロックの新人バンドをジャンル別にまとめてみた - NAVER まとめ	2	31	N5Ja0AHjnS0
http://bipblog.com/archives/4321196.html	【動画】洋楽聴きたいんだけど、どのアーティスト聴けばいいかわからない BIPブログ	15	68	an6A-Wu6-B4
http://blog.livedoor.jp/darkm/archives/51472120.html	Jazz聴こうぜ！Jazz！ : はれぞう	3	25	k-rIpTpozk0
http://blog.livedoor.jp/kinisoku/archives/3281428.html	夜に聴きたくなる静かで心地よい音楽教えてください：キニ速	3	55	yLCpDRkO3z4
http://matome.naver.jp/odai/2133698224569004901	彼女が家に来たらコレ流しておけばOKなJazzy-HipHop集 - NAVER まとめ	2	10	3HjWe7-mXdI
http://himasoku.com/archives/51764342.html		2	51	2_HXUhShhmY
http://blog.livedoor.jp/darkm/archives/51473521.html	JAZZの名曲あげてけ！ : はれぞう	2	53	QvpO9Q20NRk
http://yo-gaku.eplus2.jp/article/321952926.html		2	6	rGKfrgqWcv0
http://vippers.jp/archives/6921003.html	面白いドッキリ動画貼ってくｗｗｗｗｗｗｗｗｗｗ｜VIPPER速報	2	17	a1cR1WetU8Y
http://blog.livedoor.jp/kinisoku/archives/3693742.html	YouTubeとかのおもしろい動画貼ってけwwwww：キニ速	2	19	RO0lUa8LENk
http://matome.hatena.ne.jp/mt/597	無料で見られるももいろクローバーZ　PV（公式） - はてなまとめ（仮）	17	11	7M9xCmCzRgc
http://blog.livedoor.jp/darkm/archives/51474325.html	ディープなクラブミュージック好きな人ちょっときて : はれぞう	2	27	EJjcPaDYooA
http://blog.livedoor.jp/dqnplus/		1	1	vTeUJm2YHkE
http://www.youtube.com/user/cotorich/videos	cotorichのビデオ日記 - YouTube	3	30	UqxY9cURbks
http://www.youtube.com/watch?v=MzZYO5swjDI	Bob Acri - Timeless [Full Album] - YouTube	1	23	LDcS4zN92rA
http://may.2chan.net/b/res/176513972.htm	Aphex twin	1	4	ExU3edeel8M
http://blog.livedoor.jp/darkm/archives/51476253.html	アホでお洒落な音楽が好きな奴は集まれ : はれぞう	2	42	wycjnCCgUes
http://fm7.hatenablog.com/entry/2012/11/16/181343	ポスト相対性理論時代のガールズバンドをまとめてみたり - アレ待チろまん	5	12	koQyiIuqkgs
http://brow2ing.doorblog.jp/archives/1753372.html	R&Bを聞いたことすらない俺にオススメのR&B曲を教えるスレ - ブラブラブラウジング	2	31	dJ8VjyPw0qY
http://blog.livedoor.jp/darkm/archives/51476909.html	暇だから面白いyoutubeの動画はってけや : はれぞう	1	22	OL-Kxl8Juyk
http://www.youtube.com/watch?v=fWNaR-rxAic	Carly Rae Jepsen - Call Me Maybe - YouTube	1	29	bjgFH01k0gU
http://alfalfalfa.com/archives/6360920.html	夜に聴きたいオシャレな曲くれ	3	88	BDzlz3I_XJI
http://matome.naver.jp/odai/2136272863186686101	夜に聴きたい音楽まとめ【アンビエント、ポストロック中心】 - NAVER まとめ	2	14	10Lan4tLZQA
http://mix2ch.blog.fc2.com/blog-entry-6919.html	「閲覧注意！！」　3.11忘れないための動画まとめ  - ミックスニュース速報	1	14	0rfbzWAHQms
http://blog.livedoor.jp/darkm/archives/51477933.html	ファンクの名盤教えてくれ！！ : はれぞう	1	21	H1vDEJ7R3Rc
http://blog.livedoor.jp/darkm/archives/51478799.html	最近のクラブミュージックが良すぎるから貼ってく : はれぞう	14	29	6HzyUHxmkg0
http://blog.livedoor.jp/darkm/archives/51478168.html	レゲエDJやってるけど質問ある？ : はれぞう	1	57	Sb_jcJMikuw
http://img.2chan.net/b/res/186815037.htm		1	17	Lci8Ep5GB0o
http://img.2chan.net/b/res/186844755.htm		1	17	fxeOaKiVIQA
http://itaishinja.com/archives/3728103.html	最近のクラブミュージックが良すぎるから貼ってく - いたしん！	2	29	f82qaGH8hjI
http://matome.naver.jp/odai/2136362275357435701	イントロからハイになれる！高速ジャズサンバ傑作集 - NAVER まとめ	1	12	75a5-7hFbu8
http://brow2ing.doorblog.jp/archives/1739645.html	誰もが「あ！聞いたことある！」ってなる洋楽教えろ下さい - ブラブラブラウジング	5	56	zq-mnUsoiVQ
http://www.youtube.com/watch?v=1uaCHFe4YKE	STEINS;GATE True End(Another Heaven)【HD】 - YouTube	1	24	7qoxnkneIpA
http://www.youtube.com/watch?v=zuWcNG0aFYc	Rewrite Visual Novel ~ Episode 20 ~ Class Rep. TSUNDERE! (Heart)~ (W/ HiddenKiller79) - YouTube	1	10	EDYrdYfKxU0
http://www.youtube.com/watch?v=Ne-4_Bz0wAg	Key新作『Rewrite』製品版オープニングムービー - YouTube	1	24	qxBTtkg-Pi0
http://www.youtube.com/watch?v=75N8x2bBm_M	橋本潮 - ロマンティックあげるよ - DB - YouTube	1	24	FomBn4m3KU0
http://www.youtube.com/user/yapcasia	YAPC::Asia Tokyo (2010-2012) - YouTube	3	36	iCXSLCajx7s
http://www.youtube.com/watch?v=ZYUTSdwS8Nw	【パズドラ】 ゼウス降臨！ 全能神 弱小パーティで挑戦 ダークゴーレム - YouTube	1	23	VGTrxKsu2mI
http://blog.livedoor.jp/chihhylove/archives/7265606.html	【動画】ももクロのライブが凄すぎる : あじゃじゃしたー	5	81	TxH0yOn1Jz8
http://www.youtube.com/watch?v=PoWoWiqI3aM	Perfume だいじょばない(Daijo banai) - YouTube	1	25	E8_nFTsgCU4
http://www.youtube.com/watch?v=fvDuwSca1Tc	Char meets SPECIAL LIVETALKING GUITARS - YouTube	2	25	etVapo1tVp8
http://www.youtube.com/watch?v=s-zRAQmKUkI	Trouble Maker &#39;Trouble Maker&#39; M/V - YouTube	1	23	GvTaLTTanJc
http://www.youtube.com/watch?feature=player_detailpage&v=s-zRAQmKUkI	Trouble Maker &#39;Trouble Maker&#39; M/V - YouTube	1	23	s-zRAQmKUkI
http://www.youtube.com/embed/s-zRAQmKUkI?feature=player_detailpage	Trouble Maker &#39;Trouble Maker&#39; M/V - YouTube	4	1	s-zRAQmKUkI
http://img.2chan.net/b/res/189207791.htm		1	37	XrIBJXXTc2Q
http://img.2chan.net/b/res/189461232.htm		1	3	tsJVF3Lfrjo
http://blog.livedoor.jp/darkm/archives/51482492.html	誰もが一度は聴いた事のある有名な洋楽貼ってけ : はれぞう	1	59	JB6WZu8IAZg
http://www.ticket-live.asia/	チケットオークション比較！チケオク Live	1	9	xtOrkFa9Mv8
http://www.youtube.com/watch?v=1rxYw7Y45Eo	上原ひろみ ザ・トリオ・プロジェクト - 「MOVE」ライヴ・クリップ - YouTube	1	25	-k5TVDmkh34
http://blog.livedoor.jp/darkm/archives/51452661.html	ロックとテクノ・エレクトロ混ざった音楽教えて : はれぞう	5	66	12zPU-8bsTE
http://blog.livedoor.jp/darkm/archives/51480986.html	ベースがカッコイイ曲貼ってけ : はれぞう	1	46	TzXepFaV1pU
http://blog.livedoor.jp/darkm/archives/51483272.html	とにかく暗くて重くて狂ってる曲教えてくれ！！！！ : はれぞう	1	63	vT89j5LRAEk
http://m.youtube.com/watch?v=Wws7mnMewPw&feature=plpp	Slipknot - Psychosocial (Official Video) - YouTube	2	1	Wws7mnMewPw
http://blog.livedoor.jp/darkm/archives/51483908.html	テクノとかの電子音楽のオススメ教えろください : はれぞう	2	51	4iojJnaV1HY
http://blog.livedoor.jp/darkm/archives/51481301.html	こういうカッコいい曲教えてくれ : はれぞう	2	44	W4h8m74pyC8
http://blog.livedoor.jp/darkm/archives/51484667.html	音楽聴きながらダラダラ酒を飲むスレ : はれぞう	1	31	Kgee0RemF18
http://blog.livedoor.jp/darkm/archives/51479472.html	女性ボーカルでオススメ曲教えろ : はれぞう	1	52	LtMuMR7WRtg
http://alfalfalfa.com/archives/6507270.html	これ聴くと震えるっていうアニメ主題歌	2	19	aBPSMkojdmU
http://www.youtube.com/watch?v=1rxYw7Y45Eo&list=TLFw_kfBHkiyc	上原ひろみ ザ・トリオ・プロジェクト - 「MOVE」ライヴ・クリップ - YouTube	1	23	dh6CvYlhsmE
http://www.youtube.com/watch?v=qa7QL1uOGbU&list=FLNV0a0wNZZaK2cL6ebdeVIw&index=8	【ニャル子さん】　太陽曰く燃えよカオス　アニメ版PV　【HD版】 - YouTube	2	107	jlIUDq8lGCE
http://matome.naver.jp/odai/2133445756464743501	youtubeに転がってる作業用BGMにオススメのremixまとめ - NAVER まとめ	3	15	X_3WmlHPqVo
http://matome.naver.jp/odai/2136327136294683301	これがアニソン！？おしゃれ＆かっこいいアニメで使用されている音楽まとめ - NAVER まとめ	2	16	AHYd9K_K41c
http://burusoku-vip.com/archives/1681852.html		1	38	fR48rbVrcJk
http://blog.livedoor.jp/darkm/archives/51488760.html	なんとなく夜に聴きたい曲貼っていこうぜ : はれぞう	1	28	Rk70wuIYBBE
http://bipblog.com/archives/4473298.html	【音量注意】おすすめ電波ソングおしえてけろ BIPブログ	2	40	NDd9KzX_wUQ
http://blog.livedoor.jp/darkm/archives/51489298.html	深夜だし泣ける曲貼ってけ : はれぞう	1	31	6s3fs-F0wkU
http://www.youtube.com/watch?v=PvUFOimsQf8	Adam Lambert - Trespassing (Official Lyric Video) - YouTube	1	29	u3dkVk3F57c
http://tsumanne.net/si/data/2013/05/29/1377162/		1	40	hMq-9uIipaY
http://www.youtube.com/watch?v=etw1i7rZAiQ	lynch. - liberation chord - YouTube	2	24	SdG51a--4AU
http://lifehack2ch.livedoor.biz/archives/51435116.html		1	11	WGgXD9iDM1U
http://blog.livedoor.jp/darkm/archives/51490521.html	ストレートにカッコいいオーケストラの曲の話をしよう : はれぞう	1	29	hQlNi6q0bzA
http://blog.livedoor.jp/darkm/archives/51491158.html	ボカロの良曲貼ってく : はれぞう	1	70	2AgyPUjeI7s
http://blog.livedoor.jp/darkm/archives/51490765.html	ベースがかっこいい曲教えてくれ : はれぞう	1	62	Og1T491SiJU
http://blog.livedoor.jp/darkm/archives/51491145.html	【夜の】ジャズ聴こうぜ、ジャズ【音楽スレ】 : はれぞう	2	52	Y2ArD2WJZH0
http://blog.livedoor.jp/darkm/archives/51491933.html	変態音楽でも聴くか : はれぞう	1	31	LGESlJd1jMs
http://may.2chan.net/b/res/197865810.htm		1	6	f_YtUI2zRGw
http://blog.livedoor.jp/kinisoku/archives/3801840.html	【動画あり】中島みゆきかっけえｗｗｗ：キニ速	1	22	SGcb83xkLR8
http://blog.livedoor.jp/darkm/archives/51492339.html	チップチューンの曲を淡々とあげていく : はれぞう	1	91	H2_6RfoiYu4
http://bipblog.com/	BIPブログ - 2chスレまとめ	1	2	dGkn91ywbsU
http://bipblog.com/archives/4495573.html	【動画】ちょっと変わったクラシック音楽の動画を貼っていくよ BIPブログ	1	35	r2zi9ZsDpHE
http://bipblog.com/archives/4498551.html	【動画】2003〜2012年で好きなアニソンを年5曲ずつ挙げていく BIPブログ	1	54	htBbZ2hV8_8
http://netaatoz.jp/archives/7920637.html	お前らにめっちゃ格好良い曲教える｜ねたAtoZ	1	26	yDfL9Bijhk8
http://may.2chan.net/b/res/200792127.htm		1	4	HJykE0KhoRU
http://www.youtube.com/user/yapcasia/feed	YAPC::Asia Tokyo (2010-2012) - YouTube	1	50	wxUxFdFxd0Y
http://blog.livedoor.jp/darkm/archives/51495257.html	ダブステ（非ブロステ）でカッコイイ曲が聴きたい！ : はれぞう	1	26	FDYIdBZUl2Y
http://parupunte.net/logbox/detail.html?no=199194773	音楽聞きたいからあんま有名じゃな - 虹裏のログを数日分だけ閲覧できるサイト	1	42	xzGEiER7mkc
http://bipblog.com/archives/4438148.html	【動画】個人的に好きなクラブミュージック貼ってくよ BIPブログ	1	24	ASO_zypdnsQ
http://bipblog.com/archives/4361107.html	【動画】ゲームでかっこいい通常戦闘曲挙げてけ BIPブログ	1	24	tgxFLMM9TLw
http://blog.livedoor.jp/darkm/archives/51497147.html	電波曲教えてくれ : はれぞう	1	33	qS-s38V7lAI
http://blog.livedoor.jp/darkm/archives/51491122.html	ピコピコ音楽スレ : はれぞう	1	30	P7pPjdAGM3k
http://blog.livedoor.jp/nwknews/archives/4493727.html	初めて聞いて一発で「これ名曲やんけ！」って思った曲:哲学ニュースnwk	2	3	5S80RwjBuuI
http://himasoku.com/archives/51789929.html		1	25	y9R1QOqmxKM
http://tsumanne.net/si/data/2013/07/11/1445993/		1	58	dVYPw9OXauA
http://blog.livedoor.jp/darkm/archives/51498803.html	【テクノ】オススメの曲挙げてく【トランス】 : はれぞう	1	45	ufvKUWBfEo0
http://blog.livedoor.jp/darkm/archives/51496931.html	酒でも飲みながらダラダラと音楽でも聞こうぜｗｗｗ : はれぞう	1	89	6WrK8m82z-Q
http://blog.livedoor.jp/darkm/archives/51499759.html	センスの良い音楽教えてくれ : はれぞう	1	52	THMfbeZ8Fdc
http://alfalfalfa.com/archives/6670954.html	この曲だけは聞いとけって名曲を貼ってって…(T_T)	2	102	TfCg8F4Ux58
http://blog.livedoor.jp/drazuli/archives/6675572.html	「外国人が最高だと思う映画のサントラを紹介していくスレ」海外のまとめ｜暇は無味無臭の劇薬	1	25	LadRcupWDuI
http://burusoku-vip.com/archives/1690090.html		1	51	Soa3gO7tL-c
http://blog.livedoor.jp/news23vip/archives/4502230.html	VIPPERな俺 : 【動画】合唱コンクール曲で最もすばらしいのは	1	10	2HanstQElLg
http://matome.naver.jp/odai/2134845531403528501	いつでもノリノリになれる! おすすめソング集 【洋楽】 - NAVER まとめ	1	16	QwY5_IqsDyI
http://matome.naver.jp/odai/2136031814607723901	2013年の洋楽おすすめ！毎週更新 - NAVER まとめ	1	75	BofL1AaiTjo
http://blog.livedoor.jp/darkm/archives/51500302.html	暇だから寝そうなボカロ曲貼ってくわ : はれぞう	1	61	PqJNc9KVIZE
http://alfalfalfa.com/archives/6688152.html	ゲーム音楽好きな奴集合ｗｗｗｗｗｗｗｗｗｗｗｗｗｗｗｗｗｗｗ	2	119	dAO_0_EFpzs
http://img.2chan.net/b/res/203095117.htm		1	22	o8eK8z54lKw
http://blog.livedoor.jp/darkm/archives/51502128.html	音楽の全ジャンルを制覇するスレ : はれぞう	1	126	gY4G_G2pyRo
http://hima-log.com/archives/30966400.html	夏の哀愁を感じる曲を教えてほしい : ひまログ2ch	2	25	Pofd9pkTG28
http://www.youtube.com/user/yapcasia/videos?sort=dd&view=0&live_view=500&flow=grid	YAPC::Asia Tokyo (2010-2012) - YouTube	1	30	AT8qTjdhacQ
http://togetter.com/li/391976	YAPC::Asia Tokyo 2012 トーク動画 #yapcasia - Togetter	1	23	6TM0I5z4CO4
http://dat.2chan.net/b/res/68825028.htm		1	10	ZwB47dU98wY
http://tsumanne.net/si/data/2013/08/08/1499054/		1	54	hWLl-m3o_IQ
http://blog.livedoor.jp/darkm/archives/51493032.html	お前らにめっちゃ格好良い曲教える : はれぞう	1	27	_P2Yz4Ek_hw
http://img.2chan.net/b/res/204680106.htm		1	2	DkEG5KrldSo
http://vippers.jp/archives/7266190.html	引き込まれるような幻想的な曲教えてくれ - VIPPER速報 | 2ちゃんねるまとめブログ	1	49	Yl0LTAg9uwg
http://blog.livedoor.jp/darkm/archives/51505533.html	電子音楽のおすすめ貼ってけ : はれぞう	2	122	SaesIA6_m-U
http://matome.naver.jp/odai/2133977117545834201	【おすすめ】クラブで絶対に流れる、超定番クラブミュージックまとめ【40選】 - NAVER まとめ	1	41	YkyhvCdJ_vM
http://ticketcamp.net/live-blog/postrock/?fb_source=ticker&fb_action_ids=563308067069192&fb_action_types=og.likes	【音源あり】これだけは聴いて欲しいポストロック超名盤まとめ | Live情報 ライブフリーク	1	8	4L_DQKCDgeM
http://blog.livedoor.jp/darkm/archives/51509465.html	淡々とレトロフューチャーな電子音楽を貼ってEQ : はれぞう	1	100	z0KTJo6QguE
http://blog.livedoor.jp/darkm/archives/51506058.html	テクノ？電子音？的な曲おしえてへぺろぺろ : はれぞう	1	73	V7U3i0BmoBE
http://blog.livedoor.jp/darkm/archives/51506532.html	綺麗な音楽おしえろ : はれぞう	1	50	Mia9woisQZo
http://blog.livedoor.jp/darkm/archives/51506232.html	カッコいい電子系っぽい音楽を教えてくれ : はれぞう	1	42	q1NoKPKUk74
http://matome.naver.jp/odai/2135089314157477601	【世界のDJ】 Calvin Harris -カルヴィン・ハリス- 【Electro House】 - NAVER まとめ	3	6	C6FlKaujDiI
http://matome.naver.jp/odai/2133742633107756101	【必聴】 テンションの上がるDubstepまとめ 【クラブミュージック】 - NAVER まとめ	3	16	dtK2IXPvbZs
http://himasoku.com/archives/51800234.html		1	43	ogQdInVoZj4
http://alfalfalfa.com/archives/6773332.html	【動画】淡々と幻想的な女性ボーカル曲を貼って逝く	1	24	moqCnw8cTtQ
